country_name,capital_city,currency,official_lang,population,area,continent,largest_city,independence_year,landmarks,national_animals,national_bird,govt_type,dish,Major Religions,leader,driving_side,national_sport,major_fest
Afghanistan,Kabul,AFN,"Dari, Pashto, Turkmen",40218234,652230.0,Asia,Kabul,1919-08-19,"['Bamiyan Buddhas', 'Minaret of Jam', ""Kabul's Gardens""]",Snow Leopard,Golden Eagle,Islamic Emirate,"['Kabuli Pilaf', 'Mantu', 'Ashak']",Islam,Hibatullah Akhundzada,right,Buzkashi,Nowruz
Albania,Tirana,ALL,Albanian,2837743,28748.0,Europe,Tirana,1912-11-28,"['Butrint Archaeological Site', 'Llogara Pass', 'Gjirokastër']",Golden Eagle,Golden Eagle,Republic,"['Tavë Kosi', 'Fërgesë', 'Byrek']",Islam,Bajram Begaj,right,Soccer,Independence Day
Algeria,Algiers,DZD,Arabic,44700000,2381741.0,Africa,Algiers,1962-07-05,"[""Al Qal'a of Beni Hammad"", 'Kasbah of Algiers', ""Tassili n'Ajjer""]",Fennec Fox,,Republic,"['Couscous', 'Chakchouka', 'Merguez']",Islam,Abdelmadjid Tebboune,right,Soccer,Revolution Day
American Samoa,Pago Pago,USD,"English, Samoan",55197,199.0,Oceania,Pago Pago,NaN,"['Aunu’u Island', 'Rainmaker Mountain', 'Ofu Beach']",,,Territory (USA),"['Palusami', 'Samoan Oka', 'Sapasui']",Christianity,Lolo Matalasi Moliga,right,American Football,American Samoa Flag Day
Andorra,Andorra la Vella,EUR,Catalan,77265,468.0,Europe,Andorra la Vella,1278,"['Grandvalira', 'Casa de la Vall', 'Sant Joan de Caselles Church']",,,Parliamentary Co-Principality,"['Trinxat', 'Andorran Cuttlefish', 'Escudella i Carn d’Olla']",Christianity,Xavier Espot,right,Soccer,Our Lady of Meritxell Day
Angola,Luanda,AOA,Portuguese,32866268,1246700.0,Africa,Luanda,1975-11-11,"['Kalandula Falls', 'Cabo Ledo', 'Tundavala Fissure']",,,Republic,"['Muamba de Galinha', 'Calulu', 'Funge']",Christianity,João Lourenço,right,Basketball,Independence Day
Anguilla,The Valley,XCD,English,13452,91.0,North America,The Valley,NaN,,,,,,Christianity,Elizabeth II,left,Cricket,Emancipation Day
Antarctica,,,,1000,14000000.0,Antarctica,,NaN,,,,,,nan,nan,right,nan,nan
Antigua and Barbuda,Saint John's,XCD,English,97928,442.0,North America,Saint John's,1981-11-01,"['Nelson’s Dockyard', 'Shirley Heights', 'Devil’s Bridge']",,,Constitutional Monarchy,"['Fungee and Pepperpot', 'Saltfish and Johnny Cakes', 'Pepperpot']",Christianity,Gaston Browne,left,Cricket,Independence Day
Argentina,Buenos Aires,ARS,"Guaraní, Spanish",45376763,2780400.0,South America,Buenos Aires,1816-07-09,"['Christ the Redeemer', 'Iguazu Falls', 'Perito Moreno Glacier']",Rufous Hornero,Rufous Hornero,Republic,"['Asado', 'Empanadas', 'Milanesa']",Christianity,Alberto Fernández,right,Polo,Carnival
Armenia,Yerevan,AMD,Armenian,2963234,29743.0,Asia,Yerevan,1991-09-21,"['Geghard Monastery', 'Mount Ararat', 'Khor Virap']",Armenian Mouflon,,Republic,"['Khorovats', 'Dolma', 'Lavash']",Christianity,Vahagn Khachaturyan,right,Greco-Roman Wrestling,Vartanants Day
Aruba,Oranjestad,AWG,"Dutch, Papiamento",106766,180.0,North America,Oranjestad,NaN,"['Arikok National Park', 'Eagle Beach', 'Natural Pool']",,,Constituent Country (Netherlands),"['Keshi Yena', 'Sopi di Piska', 'Funchi']",Christianity,Herman X. Bruls,right,Soccer,Carnival
Australia,Canberra,AUD,English,25687041,7692024.0,Oceania,Canberra,1901-01-01,"['Sydney Opera House', 'Great Barrier Reef', 'Uluru']",Kangaroo,Emu,Federal Parliamentary Constitutional Monarchy,"['Vegemite', 'Meat Pie', 'Pavlova']",Christianity,Anthony Albanese,left,Australian Rules Football,Australia Day
Austria,Vienna,EUR,German,8917205,83871.0,Europe,Vienna,1955-07-27,"['Schönbrunn Palace', 'Hofburg Palace', 'St. Stephen’s Cathedral']",Golden Eagle,Barn Swallow,Federal Republic,"['Wiener Schnitzel', 'Sachertorte', 'Apfelstrudel']",Christianity,Alexander Van der Bellen,right,Soccer,Christmas
Azerbaijan,Baku,AZN,Azerbaijani,10110116,86600.0,Europe,Baku,1991-10-18,"['Maiden Tower', 'Gobustan Rock Art', 'Sheki Khan’s Palace']",Karabakh Horse,,Republic,"['Plov', 'Kebabs', 'Dushbara']",Islam,Ilham Aliyev,right,Chess,Novruz Bayram
Bahamas,Nassau,"BSD, USD",English,393248,13943.0,North America,Nassau,1973-07-10,"['Atlantis Resort', 'Exuma Cays Land and Sea Park', 'Blue Hole']",,Flamingo,Constitutional Monarchy,"['Cracked Conch', 'Rock Lobsters', 'Bahama Mama']",Christianity,Perry Christie,left,Basketball,Junkanoo
Bahrain,Manama,BHD,Arabic,1701583,765.0,Asia,Manama,1971-08-15,"['Bahrain Fort', 'Al Fateh Mosque', 'Tree of Life']",,,Constitutional Monarchy,"['Machboos', 'Muhammar', 'Harees']",Islam,Hamad bin Isa Al Khalifa,right,Football,Bahrain National Day
Bangladesh,Dhaka,BDT,Bengali,164689383,147570.0,Asia,Dhaka,1971-03-26,"['Sundarbans', 'Cox’s Bazar', 'Lalbagh Fort']",Royal Bengal Tiger,Oriental Magpie-Robin,Republic,"['Hilsa Fish Curry', 'Bhuna Khichuri', 'Panta Ilish']",Islam,Mohammad Shahabuddin,left,Cricket,Eid ul-Fitr
Barbados,Bridgetown,BBD,English,287371,430.0,North America,Bridgetown,1966-11-30,"['Harrison’s Cave', 'Animal Flower Cave', 'Andromeda Botanical Gardens']",,,Parliamentary Republic,"['Flying Fish and Cou Cou', 'Pudding and Souse', 'Bajan Macaroni Pie']",Christianity,Mia Mottley,left,Cricket,Crop Over Festival
Belarus,Minsk,BYN,"Belarusian, Russian",9398861,207600.0,Europe,Minsk,1991-08-25,"['Mir Castle', 'Brest Fortress', 'National Library of Belarus']",,Stork,Republic,"['Draniki', 'Borscht', 'Kholodnik']",Christianity,Alexander Lukashenko,right,Ice Hockey,Independence Day
Belgium,Brussels,EUR,"German, French, Dutch",11555997,30528.0,Europe,Brussels,1830-10-04,"['Atomium', 'Grand Place', 'Manneken Pis']",Lion,,Federal Parliamentary Constitutional Monarchy,"['Moules-Frites', 'Waffles', 'Chocolate']",Christianity,Alexander De Croo,right,Soccer,Carnival of Binche
Belize,Belmopan,BZD,"Belizean Creole, English, Spanish",397621,22966.0,North America,Belmopan,1981-09-21,"['Great Blue Hole', 'Xunantunich', 'Ambergris Caye']",Baird’s Tapir,Keel-billed Toucan,Constitutional Monarchy,"['Rice and Beans with Stew Chicken', 'Taco', 'Fried Jacks']",Christianity,Johnny Briceño,right,Football,Independence Day
Benin,Porto-Novo,XOF,French,12123198,112622.0,Africa,Porto-Novo,1960-08-01,"['Pendjari National Park', 'Royal Palaces of Abomey', 'Ouidah']",,,Republic,"['Amiwo', 'Sculpted Yams', 'Pounded Yam with Egusi Soup']",Christianity,Patrice Talon,right,Football,Fête de la Musique
Bermuda,Hamilton,BMD,English,63903,54.0,North America,Hamilton,NaN,,,Bermuda Petrel,,,Christianity,Elizabeth II,left,Cricket,Cup Match
Bhutan,Thimphu,"BTN, INR",Dzongkha,771612,38394.0,Asia,Thimphu,1949-08-08,"['Tiger’s Nest Monastery', 'Punakha Dzong', 'Dochula Pass']",Takin,Common Raven,Constitutional Monarchy,"['Ema Datshi', 'Phaksha Paa', 'Red Rice']",Buddhism,Lotay Tshering,left,Archery,Tshechu
Bolivia,Sucre,BOB,"Aymara, Guaraní, Quechua, Spanish",11673029,1098581.0,South America,Sucre,1825-08-06,"['Salar de Uyuni', 'La Paz', 'Tiwanaku']",Llama,Andean Condor,Plurinational State,"['Salteñas', 'Pique Macho', 'Api']",Christianity,Luis Arce,right,Soccer,Carnival
Bosnia and Herzegovina,Sarajevo,BAM,"Bosnian, Croatian, Serbian",3280815,51209.0,Europe,Sarajevo,1992-03-01,"['Stari Most', 'Sarajevo Tunnel', 'Bascarsija']",,,Federal Parliamentary Republic,"['Ćevapi', 'Sogan-dolma', 'Burek']",Islam,Šefik Džaferović,right,Soccer,Statehood Day
Botswana,Gaborone,BWP,"English, Tswana",2351625,582000.0,Africa,Gaborone,1966-09-30,"['Okavango Delta', 'Chobe National Park', 'Makgadikgadi Pans']",Zebra,Kori Bustard,Republic,"['Seswaa', 'Bogobe', 'Morogo']",Christianity,Mokgweetsi Masisi,left,Football,President’s Day
Bouvet Island,,,Norwegian,0,49.0,Antarctica,,NaN,,,,,,nan,nan,right,nan,nan
Brazil,Brasília,BRL,Portuguese,212559409,8515767.0,South America,Brasília,1822-09-07,"['Christ the Redeemer', 'Iguazu Falls', 'Sugarloaf Mountain']",Jaguar,Rufous-bellied Thrush,Federal Republic,"['Feijoada', 'Churrasco', 'Brigadeiro']",Christianity,Luiz Inácio Lula da Silva,right,Football,Carnival
British Indian Ocean Territory,Diego Garcia,USD,English,3000,60.0,Asia,Diego Garcia,NaN,,,,,,nan,nan,right,nan,nan
British Virgin Islands,Road Town,USD,English,30237,151.0,North America,Road Town,NaN,,,,,,Christianity,Elizabeth II,left,Cricket,Emancipation Day
Brunei,Bandar Seri Begawan,"BND, SGD",Malay,437483,5765.0,Asia,Bandar Seri Begawan,1984-01-01,"['Sultan Omar Ali Saifuddien Mosque', 'Tasek Merimbun', 'Ulu Temburong National Park']",White-bellied Sea Eagle,White-bellied Sea Eagle,Absolute Monarchy,"['Nasi Katok', 'Ambuyat', 'Soto Brunei']",Islam,Hassanal Bolkiah,left,Sepak Takraw,Hari Raya Aidilfitri
Bulgaria,Sofia,BGN,Bulgarian,6927288,110879.0,Europe,Sofia,1908-09-22,"['Rila Monastery', 'Alexander Nevsky Cathedral', 'Plovdiv Old Town']",Lion,Eastern Imperial Eagle,Republic,"['Banitsa', 'Shkembe Chorba', 'Kavarma']",Christianity,Rumen Radev,right,Football,Baba Marta Day
Burkina Faso,Ouagadougou,XOF,French,20903278,272967.0,Africa,Ouagadougou,1960-08-05,"['Great Mosque of Bobo-Dioulasso', 'Nazinga Game Ranch', 'Ruin of Loropeni']",,,Republic,"['Riz Gras', 'Tô', 'Poulet Bicyclette']",Islam,Ibrahim Traoré,right,Football,Independence Day
Burundi,Gitega,BIF,"French, Kirundi",11890781,27834.0,Africa,Gitega,1962-07-01,"['Kivu Lake', 'Rusizi River', 'Gishora Drum Sanctuary']",,,Republic,"['Isombe', 'Brochette', 'Binyebwa']",Christianity,Évariste Ndayishimiye,right,Football,Independence Day
Cambodia,Phnom Penh,"KHR, USD",Khmer,16718971,181035.0,Asia,Phnom Penh,1953-11-09,"['Angkor Wat', 'Bayon Temple', 'Ta Prohm']",,Giant Ibis,Constitutional Monarchy,"['Amok', 'Lok Lak', 'Kuy Tiev']",Buddhism,Hun Sen,right,Football,Khmer New Year
Cameroon,Yaoundé,XAF,"English, French",26545864,475442.0,Africa,Yaoundé,1960-01-01,"['Mount Cameroon', 'Dja Faunal Reserve', 'Yaoundé']",,,Republic,"['Ndolé', 'Ekwang', 'Koki']",Christianity,Paul Biya,right,Football,National Day
Canada,Ottawa,CAD,"English, French",38005238,9984670.0,North America,Ottawa,1867-07-01,"['CN Tower', 'Niagara Falls', 'Banff National Park']",Beaver,Common Loon,Federal Parliamentary Constitutional Monarchy,"['Poutine', 'Butter Tarts', 'Nanaimo Bars']",Christianity,Justin Trudeau,right,Ice Hockey,Canada Day
Cape Verde,Praia,CVE,Portuguese,555988,4033.0,Africa,Praia,1975-07-05,,,,Republic,"['Cachupa', 'Pastéis', 'Feijoada']",Christianity,José Maria Neves,right,Football,Independence Day
Caribbean Netherlands,Kralendijk,USD,"English, Dutch, Papiamento",25987,328.0,North America,Kralendijk,NaN,,,,,,Christianity,nan,right,Football,King’s Day
Cayman Islands,George Town,KYD,English,65720,264.0,North America,George Town,NaN,,,,,,Christianity,Elizabeth II,left,Soccer,National Heroes Day
Central African Republic,Bangui,XAF,"French, Sango",4829764,622984.0,Africa,Bangui,1960-08-13,"['Manovo-Gounda St. Floris National Park', 'Boali Waterfalls', 'Bamingui-Bangoran National Park']",,,Republic,"['Cassava', 'Mbongo Tchobi', 'Saka-Saka']",Christianity,Faustin-Archange Touadéra,right,Football,Independence Day
Chad,N'Djamena,XAF,"Arabic, French",16425859,1284000.0,Africa,N'Djamena,1960-08-11,"['Zakouma National Park', 'Tibesti Mountains', 'Aouzou Strip']",,,Republic,"['Boule', 'Djeruk', 'Lac Dega']",Islam,Mahamat Idriss Déby,right,Football,Independence Day
Chile,Santiago,CLP,Spanish,19116209,756102.0,South America,Santiago,1810-09-18,"['Easter Island', 'Atacama Desert', 'Torres del Paine National Park']",,Andean Condor,Republic,"['Empanadas', 'Pastel de Choclo', 'Cazuela']",Christianity,Gabriel Boric,right,Football,Fiestas Patrias
China,Beijing,CNY,Chinese,1402112000,9706961.0,Asia,Beijing,1949-10-01,"['Great Wall of China', 'Forbidden City', 'Terracotta Army']",Giant Panda,Red-crowned Crane,One-Party State,"['Peking Duck', 'Dim Sum', 'Hotpot']",Irreligion,Xi Jinping,right,Table Tennis,Chinese New Year
Christmas Island,Flying Fish Cove,AUD,English,2072,135.0,Asia,Flying Fish Cove,NaN,,,Golden Bosun Bird,,,Christianity,nan,left,nan,nan
Cocos (Keeling) Islands,West Island,AUD,English,544,14.0,Asia,West Island,NaN,,,,,,Islam,nan,left,nan,nan
Colombia,Bogotá,COP,Spanish,50882884,1141748.0,South America,Bogotá,1810-07-20,"['Tayrona National Park', ""Cartagena's Old Town"", 'Cocora Valley']",Andean Condor,Andean Condor,Republic,"['Arepas', 'Ajiaco', 'Bandeja Paisa']",Christianity,Gustavo Petro,right,Football,Carnival of Barranquilla
Comoros,Moroni,KMF,"Arabic, French, Comorian",869595,1862.0,Africa,Moroni,1975-07-06,"['Mount Karthala', 'Anjouan', 'Moheli Marine Park']",,,Federal Republic,"['Langouste à la Vanille', 'Sambusa', 'Curry de Poulet']",Islam,Azali Assoumani,right,Football,Independence Day
Cook Islands,Avarua,"CKD, NZD","English, Cook Islands Māori",18100,236.0,Oceania,Avarua,NaN,,,,,,Christianity,Tommy Sovereign,left,Rugby,Cook Islands Constitution Day
Costa Rica,San José,CRC,Spanish,5094114,51100.0,North America,San José,1821-09-15,"['Arenal Volcano', 'Manuel Antonio National Park', 'Monteverde Cloud Forest']",White-tailed Deer,Clay-colored Thrush,Republic,"['Gallo Pinto', 'Casado', 'Sopa Negra']",Christianity,Rodrigo Chaves Robles,right,Football,Independence Day
Croatia,Zagreb,EUR,Croatian,4047200,56594.0,Europe,Zagreb,1991-06-25,"['Plitvice Lakes', 'Dubrovnik Old Town', ""Diocletian's Palace""]",,,Republic,"['Pasticada', 'Ćevapi', 'Peka']",Christianity,Zoran Milanović,right,Football,Statehood Day
Cuba,Havana,"CUC, CUP",Spanish,11326616,109884.0,North America,Havana,1902-05-20,"['Havana Old Town', 'Varadero Beach', 'Pico Turquino']",Cuban Trogon,Cuban Trogon,One-Party State,"['Ropa Vieja', 'Lechón Asado', 'Tostones']",Christianity,Miguel Díaz-Canel,right,Baseball,Revolution Day
Curaçao,Willemstad,ANG,"English, Dutch, Papiamento",155014,444.0,North America,Willemstad,NaN,,,,,,Christianity,Eugene Rhuggenaath,right,Baseball,Carnival
Cyprus,Nicosia,EUR,"Greek, Turkish",1207361,9251.0,Europe,Nicosia,1960-08-16,"['Aphrodite’s Rock', 'Kyrenia Castle', 'Tombs of the Kings']",,Cyprus Warbler,Republic,"['Meze', 'Kleftiko', 'Souvlaki']",Christianity,Nikos Christodoulides,left,Football,Cyprus Independence Day
Czechia,Prague,CZK,"Czech, Slovak",10698896,78865.0,Europe,Prague,1993-01-01,,Double-tailed Lion,,,,Christianity,Petr Pavel,right,Ice Hockey,Czech Statehood Day
DR Congo,Kinshasa,CDF,"French, Kikongo, Lingala, Tshiluba, Swahili",108407721,2344858.0,Africa,Kinshasa,1960-06-30,,,,,,Christianity,Félix Tshisekedi,right,Football,Independence Day
Denmark,Copenhagen,DKK,Danish,5831404,43094.0,Europe,Copenhagen,NaN,"['Tivoli Gardens', 'Nyhavn', 'Kronborg Castle']",Mute Swan,Mute Swan,Constitutional Monarchy,"['Smørrebrød', 'Frikadeller', 'Rødgrød med fløde']",Christianity,Mette Frederiksen,right,Handball,Christmas
Djibouti,Djibouti,DJF,"Arabic, French",988002,23200.0,Africa,Djibouti,1977-06-27,"['Lake Assal', 'Djibouti City', 'Moucha Island']",,,Republic,"['Hambe', 'Lahoh', 'Shushur']",Islam,Ismail Omar Guelleh,right,Football,Independence Day
Dominica,Roseau,XCD,English,71991,751.0,North America,Roseau,1978-11-03,"['Boiling Lake', 'Morne Trois Pitons', 'Syndicate Nature Trail']",,Sisserou Parrot,Republic,"['Callaloo', 'Saltfish and Dumplings', 'Lambi']",Christianity,Roosevelt Skerrit,left,Cricket,Carnival
Dominican Republic,Santo Domingo,DOP,Spanish,10847904,48671.0,North America,Santo Domingo,1844-02-27,"['Punta Cana', 'Alcázar de Colón', ""Santo Domingo's Colonial Zone""]",Palmchat,Palmchat,Republic,"['Mangu', 'Mofongo', 'Sancocho']",Christianity,Luis Abinader,right,Baseball,Carnival
Ecuador,Quito,USD,Spanish,17643060,276841.0,South America,Quito,1822-05-24,"['Galápagos Islands', 'Cotopaxi Volcano', 'Mitad del Mundo']",Andean Condor,Andean Condor,Republic,"['Ceviche', 'Locro de Papa', 'Hornado']",Christianity,Daniel Noboa,right,Football,Carnival
Egypt,Cairo,EGP,Arabic,102334403,1002450.0,Africa,Cairo,1922-02-28,"['Pyramids of Giza', 'Sphinx', 'Luxor Temple']",Steppe Eagle,Steppe Eagle,Republic,"['Koshari', 'Fatta', 'Mahshi']",Islam,Abdel Fattah el-Sisi,right,Football,Eid al-Fitr
El Salvador,San Salvador,USD,Spanish,6486201,21041.0,North America,San Salvador,1821-09-15,"['San Salvador Volcano', 'Joya de Cerén', 'Ruta de Las Flores']",,,Republic,"['Pupusas', 'Yuca con Curtido', 'Tamales']",Christianity,Nayib Bukele,right,Football,Independence Day
Equatorial Guinea,Malabo,XAF,"French, Portuguese, Spanish",1402985,28051.0,Africa,Malabo,1968-10-12,"['Malabo', 'Bata', 'Bioko Island']",,,Republic,"['Pepper Soup', 'Okra Stew', 'Mbengue']",Christianity,Teodoro Obiang Nguema Mbasogo,right,Football,Independence Day
Eritrea,Asmara,ERN,"Arabic, English, Tigrinya",5352000,117600.0,Africa,Asmara,1993-05-24,"['Asmara', 'Massawa', 'Dahlak Archipelago']",,,One-Party State,"['Zigni', 'Tsebhi', 'Injera']",Christianity,Isaias Afwerki,right,Football,Independence Day
Estonia,Tallinn,EUR,Estonian,1331057,45227.0,Europe,Tallinn,1991-08-20,"['Tallinn Old Town', 'Lahemaa National Park', 'Tartu University']",Barn Swallow,Barn Swallow,Republic,"['Kiluvoileib', 'Verivorst', 'Mulgikapsad']",Christianity,Alar Karis,right,Basketball,Midsummer Day
Eswatini,Mbabane,"SZL, ZAR","English, Swazi",1160164,17364.0,Africa,Mbabane,1968-09-06,"['Mlilwane Wildlife Sanctuary', 'Hlane Royal National Park', 'Lobamba']",,,Absolute Monarchy,"['Siswati', 'Tinkhobe', 'Sishwala']",Christianity,Mswati III,left,Football,Umhlanga (Reed Dance)
Ethiopia,Addis Ababa,ETB,Amharic,114963583,1104300.0,Africa,Addis Ababa,NaN,"['Lalibela Rock-Hewn Churches', 'Simien Mountains', ""Addis Ababa's National Museum""]",Lion,Abyssinian Catbird,Federal Republic,"['Injera', 'Doro Wat', 'Tibs']",Christianity,Abiy Ahmed,right,Football,Timkat (Epiphany)
Falkland Islands,Stanley,FKP,English,2563,12173.0,South America,Stanley,NaN,,,,,,Christianity,Elizabeth II,left,Football,nan
Faroe Islands,Tórshavn,"DKK, FOK","Danish, Faroese",48865,1393.0,Europe,Tórshavn,NaN,,,,,,Christianity,Bartholomew Rech,right,Football,St. Olaf’s Day
Fiji,Suva,FJD,"English, Fijian, Fiji Hindi",896444,18272.0,Oceania,Suva,1970-10-10,"['Coral Coast', 'Garden of the Sleeping Giant', 'Denarau Island']",,,Republic,"['Kokoda', 'Palusami', 'Fijian Lovo']",Christianity,Frank Bainimarama,left,Rugby,Fiji Day
Finland,Helsinki,EUR,"Finnish, Swedish",5530719,338424.0,Europe,Helsinki,1917-12-06,"['Helsinki Cathedral', 'Santa Claus Village', 'Lake Saimaa']",Brown Bear,Whooper Swan,Republic,"['Karjalanpiirakka', 'Ruisleipä', 'Kalakukko']",Christianity,Sauli Niinistö,right,Ice Hockey,Midsummer Day
France,Paris,EUR,French,67391582,551695.0,Europe,Paris,NaN,"['Eiffel Tower', 'Louvre Museum', 'Notre-Dame Cathedral']",Gallic Rooster,Gallic Rooster,Republic,"['Croissant', 'Ratatouille', 'Coq au Vin']",Christianity,Emmanuel Macron,right,Football,Bastille Day
French Guiana,Cayenne,EUR,French,254541,83534.0,South America,Cayenne,NaN,,,,,,Christianity,nan,right,Football,Carnival
French Polynesia,Papeetē,XPF,French,280904,4167.0,Oceania,Papeetē,NaN,,,,,,Christianity,Édouard Fritch,right,Rugby,Heiva Festival
French Southern and Antarctic Lands,Port-aux-Français,EUR,French,400,7747.0,Antarctica,Port-aux-Français,NaN,,,,,,nan,nan,right,nan,nan
Gabon,Libreville,XAF,French,2225728,267668.0,Africa,Libreville,1960-08-17,"['Loango National Park', 'Ivindo National Park', 'Gamba']",Black Panther,,Republic,"['Poulet Nyembwe', 'Poisson braisé', 'Koki']",Christianity,Ali Bongo Ondimba,right,Football,Independence Day
Gambia,Banjul,GMD,English,2416664,10689.0,Africa,Banjul,1965-02-18,"['Abuko Nature Reserve', 'Banjul', 'Kachikally Crocodile Pool']",,Long-tailed Nightjar,Republic,"['Domoda', 'Benachin', 'Plasas']",Islam,Adama Barrow,right,Football,Independence Day
Georgia,Tbilisi,GEL,Georgian,3714000,69700.0,Asia,Tbilisi,1991-04-09,"['Uplistsikhe', 'Vardzia', 'Gergeti Trinity Church']",,Pheasant,Republic,"['Khachapuri', 'Khinkali', 'Pkhali']",Christianity,Salome Zourabichvili,right,Rugby,Georgian Independence Day
Germany,Berlin,EUR,German,83240525,357114.0,Europe,Berlin,1990-10-03,"['Brandenburg Gate', 'Neuschwanstein Castle', 'Cologne Cathedral']",Black Eagle,White Stork,Federal Republic,"['Sauerbraten', 'Wiener Schnitzel', 'Bratwurst']",Christianity,Frank-Walter Steinmeier,right,Football,Oktoberfest
Ghana,Accra,GHS,English,31072945,238533.0,Africa,Accra,1957-03-06,"['Cape Coast Castle', 'Kakum National Park', 'Wli Waterfalls']",,,Republic,"['Fufu', 'Banku', 'Jollof Rice']",Christianity,Nana Akufo-Addo,right,Football,Kwame Nkrumah Memorial Day
Gibraltar,Gibraltar,GIP,English,33691,6.0,Europe,Gibraltar,NaN,,,,,,Christianity,Elizabeth II,right,Football,National Day
Greece,Athens,EUR,Greek,10715549,131990.0,Europe,Athens,1821-03-25,"['Acropolis of Athens', 'Santorini', 'Delphi']",Dolphin,,Republic,"['Moussaka', 'Souvlaki', 'Tzatziki']",Christianity,Katerina Sakellaropoulou,right,Football,Easter
Greenland,Nuuk,DKK,Greenlandic,56367,2166086.0,North America,Nuuk,NaN,,Polar Bear,White-tailed Eagle,Self-Government (Denmark),,Christianity,Mette Frederiksen,right,Football,National Day
Grenada,St. George's,XCD,English,112519,344.0,North America,St. George's,1974-02-07,"['Grand Anse Beach', 'Fort George', 'River Antoine Estate Rum Distillery']",,,Constitutional Monarchy,"['Oil Down', 'Callaloo', 'Conch Chowder']",Christianity,Dickon Mitchell,left,Cricket,Spicemas
Guadeloupe,Basse-Terre,EUR,French,400132,1628.0,North America,Basse-Terre,NaN,,,,,,Christianity,nan,right,Football,Carnival
Guam,Hagåtña,USD,"Chamorro, English, Spanish",168783,549.0,Oceania,Hagåtña,NaN,,,,,,Christianity,Lou Leon Guerrero,right,Football,Liberation Day
Guatemala,Guatemala City,GTQ,Spanish,16858333,108889.0,North America,Guatemala City,1821-09-15,"['Tikal', 'Lake Atitlán', 'Antigua Guatemala']",Resplendent Quetzal,Resplendent Quetzal,Republic,"['Pepian', 'Jocon', 'Tamal']",Christianity,Alejandro Giammattei,right,Football,Independence Day
Guernsey,St. Peter Port,"GBP, GGP","English, French, Guernésiais",62999,78.0,Europe,St. Peter Port,NaN,,,,,,Christianity,Elizabeth II,left,Football,Liberation Day
Guinea,Conakry,GNF,French,13132792,245857.0,Africa,Conakry,1958-10-02,"['Mount Nimba', 'Conakry', 'Badiar National Park']",,,Republic,"['Jollof Rice', 'Maafe', 'Fufu']",Islam,Alpha Condé,right,Football,Independence Day
Guinea-Bissau,Bissau,XOF,"Portuguese, Upper Guinea Creole",1967998,36125.0,Africa,Bissau,1973-09-24,"['Orango Islands', 'Bissagos Islands', 'Fortaleza de Amura']",,,Republic,"['Jollof Rice', 'Coconut Rice', 'Fried Plantains']",Islam,Umaro Sissoco Embaló,right,Football,Independence Day
Guyana,Georgetown,GYD,English,786559,214969.0,South America,Georgetown,1966-05-26,"['Kaieteur Falls', 'Iwokrama Forest', 'Shell Beach']",,,Republic,"['Pepperpot', 'Cook-Up Rice', 'Pholourie']",Christianity,Irfaan Ali,left,Cricket,Mashramani
Haiti,Port-au-Prince,HTG,"French, Haitian Creole",11402533,27750.0,North America,Port-au-Prince,1804-01-01,"['Citadelle Laferrière', 'Iron Market', 'Labadee']",,,Republic,"['Griot', 'Tassot', 'Marinad']",Christianity,Ariel Henry,right,Football,Independence Day
Heard Island and McDonald Islands,,,English,0,412.0,Antarctica,,NaN,,,,,,nan,nan,right,nan,nan
Honduras,Tegucigalpa,HNL,Spanish,9904608,112492.0,North America,Tegucigalpa,1821-09-15,"['Copán', 'Roatan', 'Cusuco National Park']",White-tailed Deer,Scarlet Macaw,Republic,"['Baleadas', 'Sopa de Caracol', 'Tamales']",Christianity,Xiomara Castro,right,Football,Independence Day
Hong Kong,City of Victoria,HKD,"English, Chinese",7500700,1104.0,Asia,City of Victoria,1997-07-01,,,,Special Administrative Region (China),"['Dim Sum', 'Wonton Noodles', 'Egg Tarts']",Irreligion,John Lee,left,Rugby,Chinese New Year
Hungary,Budapest,HUF,Hungarian,9749763,93028.0,Europe,Budapest,1989-10-23,"['Parliament Building', 'Buda Castle', 'Lake Balaton']",Turul,Saker Falcon,Republic,"['Goulash', 'Langos', 'Pörkölt']",Christianity,Katalin Novák,right,Water Polo,St. Stephen’s Day
Iceland,Reykjavik,ISK,Icelandic,366425,103000.0,Europe,Reykjavik,1944-06-17,"['Blue Lagoon', 'Golden Circle', 'Thingvellir National Park']",Gyrfalcon,Gyrfalcon,Republic,"['Hákarl', 'Skyr', 'Lamb with Root Vegetables']",Christianity,Guðni Th. Jóhannesson,right,Handball,Independence Day
India,New Delhi,INR,"English, Hindi, Tamil",1380004385,3287590.0,Asia,New Delhi,1947-08-15,"['Taj Mahal', 'Qutub Minar', 'Gateway of India']",Bengal Tiger,Indian Peafowl,Federal Republic,"['Biryani', 'Butter Chicken', 'Masala Dosa']",Hinduism,Droupadi Murmu,left,Field Hockey,Diwali
Indonesia,Jakarta,IDR,Indonesian,273523621,1904569.0,Asia,Jakarta,1945-08-17,"['Bali', 'Borobudur', 'Komodo National Park']",Komodo Dragon,Javan Hawk-Eagle,Republic,"['Nasi Goreng', 'Satay', 'Rendang']",Islam,Joko Widodo,left,Pencak Silat,Eid ul-Fitr
Iran,Tehran,IRR,Persian (Farsi),83992953,1648195.0,Asia,Tehran,1979-02-11,"['Persepolis', 'Naqsh-e Jahan Square', 'Shah Mosque']",Asiatic Lion,Common Nightingale,Islamic Republic,"['Kebab', 'Fesenjan', 'Tahchin']",Islam,Ebrahim Raisi,right,Wrestling,Nowruz
Iraq,Baghdad,IQD,"Arabic, Aramaic, Sorani",40222503,438317.0,Asia,Baghdad,1932-10-03,"['Babylon', 'Ziggurat of Ur', 'Kurdistan']",Chukar Partridge,Chukar Partridge,Federal Republic,"['Kebab', 'Masgouf', 'Tepsi Baytinjan']",Islam,Abdul Latif Rashid,right,Football,Kurdish New Year
Ireland,Dublin,EUR,"English, Irish",4994724,70273.0,Europe,Dublin,1922-12-06,"['Cliffs of Moher', 'Trinity College', 'Blarney Castle']",Irish Wolfhound,Northern Lapwing,Republic,"['Irish Stew', 'Boxty', 'Coddle']",Christianity,Michael D. Higgins,left,Gaelic Football,St. Patrick’s Day
Isle of Man,Douglas,"GBP, IMP","English, Manx",85032,572.0,Europe,Douglas,NaN,,,,,,Christianity,Elizabeth II,left,Road Racing,Tynwald Day
Israel,Jerusalem,ILS,"Arabic, Hebrew",9216900,20770.0,Asia,Jerusalem,1948-05-14,"['Western Wall', 'Masada', 'Dead Sea']",Israeli Gazelle,Hoopoe,Republic,"['Hummus', 'Falafel', 'Shawarma']",Judaism,Isaac Herzog,right,Football,Yom Kippur
Italy,Rome,EUR,Italian,59554023,301336.0,Europe,Rome,1861-03-17,"['Colosseum', 'Leaning Tower of Pisa', 'Vatican City']",Italian Wolf,,Republic,"['Pizza', 'Pasta', 'Lasagna']",Christianity,Sergio Mattarella,right,Football,Ferragosto
Ivory Coast,Yamoussoukro,XOF,French,26378275,322463.0,Africa,Yamoussoukro,1960-08-07,,,,,,Islam,Alassane Ouattara,right,Football,Independence Day
Jamaica,Kingston,JMD,"English, Jamaican Patois",2961161,10991.0,North America,Kingston,1962-08-06,"[""Dunn's River Falls"", 'Bob Marley Museum', 'Negril Beach']",Red-billed Streamertail,Red-billed Streamertail,Constitutional Monarchy,"['Jerk Chicken', 'Ackee and Saltfish', 'Curry Goat']",Christianity,Andrew Holness,left,Cricket,Independence Day
Japan,Tokyo,JPY,Japanese,125836021,377930.0,Asia,Tokyo,NaN,"['Mount Fuji', 'Tokyo Tower', 'Kyoto Temples']",Green Pheasant,Green Pheasant,Constitutional Monarchy,"['Sushi', 'Ramen', 'Tempura']",Shinto,Naruhito,left,Sumo Wrestling,New Year’s Day
Jersey,Saint Helier,"GBP, JEP","English, French, Jèrriais",100800,116.0,Europe,Saint Helier,NaN,,,,,,Christianity,Elizabeth II,left,Football,Liberation Day
Jordan,Amman,JOD,Arabic,10203140,89342.0,Asia,Amman,1946-05-25,"['Petra', 'Wadi Rum', 'Dead Sea']",Arabian Oryx,Aquila Eagle,Constitutional Monarchy,"['Mansaf', 'Zarb', 'Hummus']",Islam,Abdullah II,right,Football,Eid al-Fitr
Kazakhstan,Nur-Sultan,KZT,"Kazakh, Russian",18754440,2724900.0,Asia,Nur-Sultan,1991-12-16,"['Mausoleum of Khoja Ahmed Yasawi', 'Almaty', 'Charyn Canyon']",Golden Eagle,Steppe Eagle,Republic,"['Beshbarmak', 'Kuyrdak', 'Plov']",Islam,Kassym-Jomart Tokayev,right,Football,Nauryz
Kenya,Nairobi,KES,"English, Swahili",53771300,580367.0,Africa,Nairobi,1963-12-12,"['Mount Kenya', 'Maasai Mara', 'Lake Nakuru']",Lion,Lilac-breasted Roller,Republic,"['Nyama Choma', 'Ugali', 'Sukuma']",Christianity,William Ruto,left,Football,Madaraka Day
Kiribati,South Tarawa,"AUD, KID","English, Gilbertese",119446,811.0,Oceania,South Tarawa,1979-07-12,"['Christmas Island', 'Banaba', 'Fanning Island']",,,Republic,,Christianity,Taneti Maamau,left,Football,Independence Day
Kosovo,Pristina,EUR,"Albanian, Serbian",1775378,10908.0,Europe,Pristina,2008-02-17,,,,,,Islam,Vjosa Osmani,right,Football,Independence Day
Kuwait,Kuwait City,KWD,Arabic,4270563,17818.0,Asia,Kuwait City,1961-06-19,"['Kuwait Towers', 'Grand Mosque', 'Alhamra Tower']",,,Constitutional Monarchy,"['Machboos', 'Harees', 'Mutabbaq']",Islam,Nawaf Al-Ahmad Al-Jaber Al-Sabah,right,Football,National Day
Kyrgyzstan,Bishkek,KGS,"Kyrgyz, Russian",6591600,199951.0,Asia,Bishkek,1991-08-31,"['Issyk Kul Lake', 'Ala Archa National Park', 'Osh']",,,Republic,"['Beshbarmak', 'Lagman', 'Plov']",Islam,Sadyr Japarov,right,Football,Nowruz
Laos,Vientiane,LAK,Lao,7275556,236800.0,Asia,Vientiane,1954-10-22,"['Plain of Jars', 'Luang Prabang', 'Vientiane']",,,One-Party State,"['Larb', 'Khao Niew', 'Som Tum']",Buddhism,Thongloun Sisoulith,right,Sepak Takraw,Buddha’s Birthday
Latvia,Riga,EUR,Latvian,1901548,64559.0,Europe,Riga,1990-05-04,"['Riga Old Town', 'Gauja National Park', 'Jurmala Beach']",,White Wagtail,Republic,"['Rye Bread', 'Grey Peas with Bacon', 'Piragi']",Christianity,Egils Levits,right,Ice Hockey,Jāņi (Midsummer Day)
Lebanon,Beirut,LBP,"Arabic, French",6825442,10452.0,Asia,Beirut,1943-11-22,"['Jeita Grotto', 'Baalbek', 'Byblos']",Striped Hyena,Lebanon Cedar (national tree),Republic,"['Hummus', 'Tabbouleh', 'Fattoush']",Christianity,Michel Aoun,right,Football,Lebanese Independence Day
Lesotho,Maseru,"LSL, ZAR","English, Sotho",2142252,30355.0,Africa,Maseru,1966-10-04,"['Maloti Mountains', 'Sani Pass', 'Thabana Ntlenyana']",,,Constitutional Monarchy,"['Sopa', 'Moroho', 'Meat Stew']",Christianity,Letsie III,left,Football,Independence Day
Liberia,Monrovia,LRD,English,5057677,111369.0,Africa,Monrovia,1847-07-26,"['Providence Island', 'Mount Nimba', 'Kpai River']",,,Republic,"['Jollof Rice', 'Fufu', 'Palm Butter Soup']",Christianity,George Weah,right,Football,Independence Day
Libya,Tripoli,LYD,Arabic,6871287,1759540.0,Africa,Tripoli,1951-12-24,"['Leptis Magna', 'Sabratha', 'Tripoli']",,,,"['Couscous', 'Makaruna', 'Harira']",Islam,Mohammad al-Menfi,right,Football,Revolution Day
Liechtenstein,Vaduz,CHF,German,38137,160.0,Europe,Vaduz,NaN,"['Vaduz Castle', 'Malbun', 'Liechtenstein National Museum']",,,Constitutional Monarchy,"['Käsknöpfle', 'Rösti', 'Suppe mit Hörnli']",Christianity,"Alois, Hereditary Prince of Liechtenstein",right,Football,National Day
Lithuania,Vilnius,EUR,Lithuanian,2794700,65300.0,Europe,Vilnius,1990-03-11,"['Vilnius Old Town', 'Trakai Castle', 'Gediminas’ Tower']",,White Stork,Republic,"['Cepelinai', 'Šaltibarščiai', 'Kugelis']",Christianity,Gitanas Nausėda,right,Basketball,Independence Day
Luxembourg,Luxembourg,EUR,"German, French, Luxembourgish",632275,2586.0,Europe,Luxembourg,1839-04-19,"['Bock Casemates', 'Luxembourg City', 'Mullerthal Trail']",Lion,Goldcrest,Constitutional Monarchy,"['Judd mat Gaardebounen', 'Bouneschlupp', 'Kachkéis']",Christianity,Xavier Bettel,right,Football,National Day
Macau,,MOP,"Portuguese, Chinese",649342,30.0,Asia,,1999-12-20,,,,,,Christianity,Ho Iat Seng,left,Football,Chinese New Year
Madagascar,Antananarivo,MGA,"French, Malagasy",27691019,587041.0,Africa,Antananarivo,1960-06-26,"['Avenue of the Baobabs', 'Tsingy de Bemaraha', 'Nosy Be']",,Madagascar Fish Eagle,Republic,"['Romazava', 'Koba', 'Ravitoto']",Christianity,Andry Rajoelina,right,Football,Independence Day
Malawi,Lilongwe,MWK,"English, Chewa",19129955,118484.0,Africa,Lilongwe,1964-07-06,"['Lake Malawi', 'Nyika National Park', 'Mount Mulanje']",,,Republic,"['Nsima', 'Chambo Fish', 'Beef Stew']",Christianity,Lazarus Chakwera,left,Football,Independence Day
Malaysia,Kuala Lumpur,MYR,"English, Malay",32365998,330803.0,Asia,Kuala Lumpur,1957-08-31,"['Petronas Towers', 'Batu Caves', 'Langkawi']",Malayan Tiger,Rhinoceros Hornbill,Federal Constitutional Monarchy,"['Nasi Lemak', 'Satay', 'Roti Canai']",Islam,Anwar Ibrahim,left,Badminton,Hari Raya Aidilfitri
Maldives,Malé,MVR,Maldivian,540542,300.0,Asia,Malé,1965-07-26,"['Maledives Atolls', 'Male', 'Maafushi']",,,Republic,"['Mas Huni', 'Garudhiya', 'Fried Fish']",Islam,Ibrahim Solih,left,Football,Eid al-Fitr
Mali,Bamako,XOF,French,20250834,1240192.0,Africa,Bamako,1960-09-22,"['Timbuktu', 'Djenné Mosque', 'Bandiagara Escarpment']",,,Republic,"['Tô', 'Jollof Rice', 'Sankara']",Islam,Assimi Goita,right,Football,Independence Day
Malta,Valletta,EUR,"English, Maltese",525285,316.0,Europe,Valletta,1964-09-21,"['Valletta', 'Mdina', 'Golden Bay']",Pharaoh Hound,Blue Rock Thrush,Republic,"['Rabbit Stew', 'Pastizzi', 'Imqaret']",Christianity,Robert Abela,left,Football,Feast of St. Paul’s Shipwreck
Marshall Islands,Majuro,USD,"English, Marshallese",59194,181.0,Oceania,Majuro,1986-10-21,"['Bikini Atoll', 'Kwajalein Atoll', 'Jepilpil Island']",,,Republic,"['Kōmōk', 'Pohni', 'Alugoro']",Christianity,David Kabua,right,Baseball,Independence Day
Martinique,Fort-de-France,EUR,French,378243,1128.0,North America,Fort-de-France,NaN,,,,,,Christianity,nan,right,Football,Carnival
Mauritania,Nouakchott,MRU,Arabic,4649660,1030700.0,Africa,Nouakchott,1960-11-28,"['Chinguetti', 'Adrar', 'Nouakchott']",,,Republic,"['Thieboudienne', 'Mafé', 'Couscous']",Islam,Mohamed Ould Ghazouani,right,Football,Independence Day
Mauritius,Port Louis,MUR,"English, French, Mauritian Creole",1265740,2040.0,Africa,Port Louis,1968-03-12,"['Black River Gorges', 'Le Morne', 'Grand Bassin']",,Dodo (extinct),Republic,"['Dholl Puri', 'Briyani', 'Gateau Piment']",Hinduism,Prithvirajsing Roopun,left,Football,Cavadee
Mayotte,Mamoudzou,EUR,French,226915,374.0,Africa,Mamoudzou,NaN,,,,,,Islam,nan,right,Football,nan
Mexico,Mexico City,MXN,Spanish,128932753,1964375.0,North America,Mexico City,1810-09-16,"['Chichen Itza', 'Teotihuacan', 'Cenotes']",Golden Eagle,Golden Eagle,Federal Republic,"['Tacos', 'Guacamole', 'Enchiladas']",Christianity,Andrés Manuel López Obrador,right,Football,Día de los Muertos
Micronesia,Palikir,USD,English,115021,702.0,Oceania,Palikir,1986-11-03,"['Pohnpei', 'Nan Madol', 'Yap']",,,Federal Republic,"['Pohnpei Sashimi', 'Bibingka', 'Pone']",Christianity,David W. Panuelo,right,Baseball,Independence Day
Moldova,Chișinău,MDL,Romanian,2617820,33846.0,Europe,Chișinău,1991-08-27,"['Mileștii Mici', 'Orheiul Vechi', 'Stefan Cel Mare Park']",,,Republic,"['Mămăligă', 'Plăcintă', 'Sarmale']",Christianity,Maya Sandu,right,Football,Moldovan Independence Day
Monaco,Monaco,EUR,French,39244,2.02,Europe,Monaco,1297-01-08,"['Palace of Monaco', 'Monte Carlo', 'Oceanographic Museum']",,,Constitutional Monarchy,"['Barbajuan', 'Socca', 'Pissaladière']",Christianity,Albert II,right,Football,National Day
Mongolia,Ulan Bator,MNT,Mongolian,3278292,1564110.0,Asia,Ulan Bator,1921-07-11,"['Gobi Desert', 'Ulaanbaatar', 'Terelj National Park']",Przewalski’s Horse,Saker Falcon,Republic,"['Boodog', 'Mutton Stew', 'Khuushuur']",Buddhism,Ukhnaa Khurelsukh,right,Wrestling,Naadam
Montenegro,Podgorica,EUR,Montenegrin,621718,13812.0,Europe,Podgorica,2006-06-03,"['Bay of Kotor', 'Durmitor National Park', 'Sveti Stefan']",,,Republic,"['Njeguški Pršut', 'Kacamak', 'Buzara']",Christianity,Milo Đukanović,right,Football,Independence Day
Montserrat,Plymouth,XCD,English,4922,102.0,North America,Plymouth,NaN,,,,,,,Elizabeth II,left,,National Heroes Day
Morocco,Rabat,MAD,"Arabic, Berber",36910558,446550.0,Africa,Rabat,1956-03-02,"['Marrakech', 'Atlas Mountains', 'Fes']",,,Constitutional Monarchy,"['Tagine', 'Couscous', 'Bastilla']",Islam,Aziz Akhannouch,right,Football,Eid al-Fitr
Mozambique,Maputo,MZN,Portuguese,31255435,801590.0,Africa,Maputo,1975-06-25,"['Bazaruto Archipelago', 'Gorongosa National Park', 'Maputo']",,,Republic,"['Piri Piri Chicken', 'Matapa', 'Xima']",Christianity,Filipe Nyusi,left,Football,Independence Day
Myanmar,Naypyidaw,MMK,Burmese,54409794,676578.0,Asia,Naypyidaw,1948-01-04,"['Shwedagon Pagoda', 'Bagan', 'Inle Lake']",,,Military Government,"['Mohinga', 'Shan Noodles', 'Tea Leaf Salad']",Buddhism,Min Aung Hlaing,right,Football,Thingyan
Namibia,Windhoek,"NAD, ZAR","Afrikaans, German, English, Herero, Khoekhoe, Kwangali, Lozi, Ndonga, Tswana",2540916,825615.0,Africa,Windhoek,1990-03-21,"['Sossusvlei', 'Etosha National Park', 'Skeleton Coast']",,African Fish Eagle,Republic,"['Biltong', 'Kapana', 'Potjiekos']",Christianity,Hage Geingob,left,Football,Independence Day
Nauru,Yaren,AUD,"English, Nauru",10834,21.0,Oceania,Yaren,1968-01-31,"['Anibare Bay', 'Command Ridge', 'Moqua Well']",,,Republic,"['Coconut Fish', 'Tuna Salad', 'Pineapple Cake']",Christianity,Lionel Aingimea,left,Football,Independence Day
Nepal,Kathmandu,NPR,Nepali,29136808,147181.0,Asia,Kathmandu,1951-02-04,"['Mount Everest', 'Pashupatinath Temple', 'Bhaktapur Durbar Square']",Cow,Himalayan Monal,Federal Republic,"['Dal Bhat', 'Momo', 'Sel Roti']",Hinduism,Ram Chandra Poudel,left,Volleyball,Dashain
Netherlands,Amsterdam,EUR,Dutch,16655799,41850.0,Europe,Amsterdam,NaN,"['Anne Frank House', 'Van Gogh Museum', 'Keukenhof Gardens']",Lion,,Constitutional Monarchy,"['Stroopwafel', 'Poffertjes', 'Haring']",Christianity,Mark Rutte,right,Football,King’s Day
New Caledonia,Nouméa,XPF,French,271960,18575.0,Oceania,Nouméa,NaN,,,,,,Christianity,nan,right,Football,Bastille Day
New Zealand,Wellington,NZD,"English, Māori, New Zealand Sign Language",5084300,270467.0,Oceania,Wellington,1840-02-06,"['Milford Sound', 'Sky Tower', 'Rotorua']",Kiwi,Kiwi,Constitutional Monarchy,"['Lamb', 'Pavlova', 'Fish and Chips']",Christianity,Christopher Luxon,left,Rugby,Waitangi Day
Nicaragua,Managua,NIO,Spanish,6624554,130373.0,North America,Managua,1821-09-15,"['Masaya Volcano', 'Granada', 'San Juan del Sur']",Turquoise-browed Motmot,Turquoise-browed Motmot,Republic,"['Gallo Pinto', 'Vigorón', 'Indio Viejo']",Christianity,Daniel Ortega,right,Football,Independence Day
Niger,Niamey,XOF,French,24206636,1267000.0,Africa,Niamey,1960-08-03,"['Air Mountains', 'Zinder', 'Niamey']",,,Republic,"['Jollof Rice', 'Pounded Yam', 'Tô']",Islam,Mohamed Bazoum,right,Football,Independence Day
Nigeria,Abuja,NGN,English,206139587,923768.0,Africa,Abuja,1960-10-01,"['Zuma Rock', 'Aso Rock', 'Olumo Rock']",Eagle,Eagle,Federal Republic,"['Jollof Rice', 'Pounded Yam', 'Egusi Soup']",Islam,Muhammadu Buhari,right,Football,Eid al-Fitr
Niue,Alofi,NZD,"English, Niuean",1470,260.0,Oceania,Alofi,NaN,,,,,,Christianity,nan,left,Football,nan
Norfolk Island,Kingston,AUD,"English, Norfuk",2302,36.0,Oceania,Kingston,NaN,,,,,,Christianity,nan,left,Football,nan
North Korea,Pyongyang,KPW,Korean,25778815,120538.0,Asia,Pyongyang,1948-09-09,,,,One-Party State,"['Kimchi', 'Bibimbap', 'Jajangmyeon']",Chondoism,Kim Jong-un,right,Football,Day of the Sun
North Macedonia,Skopje,MKD,Macedonian,2077132,25713.0,Europe,Skopje,1991-09-08,"['Lake Ohrid', 'Skopje Fortress', 'Bitola']",,,Republic,"['Tavče Gravče', 'Ajvar', 'Sopska Salad']",Christianity,Stevo Pendarovski,right,Football,Independence Day
Northern Mariana Islands,Saipan,USD,"Carolinian, Chamorro, English",57557,464.0,Oceania,Saipan,NaN,,,,,,Christianity,nan,right,Football,nan
Norway,Oslo,NOK,"Norwegian Nynorsk, Norwegian Bokmål, Sami",5379475,323802.0,Europe,Oslo,1905-06-07,"['Fjords', 'Northern Lights', 'Vigeland Park']",Lion,White-throated Dipper,Constitutional Monarchy,"['Raspeballer', 'Gravlaks', 'Kjøttkaker']",Christianity,Harald V,right,Handball,Constitution Day
Oman,Muscat,OMR,Arabic,5106622,309500.0,Asia,Muscat,1970-12-01,"['Jebel Akhdar', 'Nizwa Fort', 'Muscat']",,,Absolute Monarchy,"['Mashuai', 'Harees', 'Mabrouma']",Islam,Haitham bin Tariq,right,Football,Eid al-Fitr
Pakistan,Islamabad,PKR,"English, Urdu",220892331,881912.0,Asia,Islamabad,1947-08-14,"['Badshahi Mosque', 'Lahore Fort', 'Faisal Mosque']",Markhor,Chukar Partridge,Federal Republic,"['Biryani', 'Seekh Kebabs', 'Chapli Kebab']",Islam,Arif Alvi,left,Field Hockey,Eid ul-Fitr
Palau,Ngerulmud,USD,"English, Palauan",18092,459.0,Oceania,Ngerulmud,1994-10-01,"['Rock Islands', 'Koror', 'Babeldaob']",,,Republic,"['Tinola', 'Kebabs', 'Taro']",Christianity,Surangel Whipps Jr.,right,Basketball,Independence Day
Palestine,Ramallah,"EGP, ILS, JOD",Arabic,4803269,6220.0,Asia,Ramallah,1988-11-15,,,,,,Islam,Mahmoud Abbas,right,Football,Nakba Day
Panama,Panama City,"PAB, USD",Spanish,4314768,75417.0,North America,Panama City,1903-11-03,"['Panama Canal', 'Casco Viejo', 'San Blas Islands']",Harpy Eagle,Harpy Eagle,Republic,"['Sancocho', 'Ropa Vieja', 'Tamarindo']",Christianity,Laurentino Cortizo,right,Baseball,Carnival
Papua New Guinea,Port Moresby,PGK,"English, Hiri Motu, Tok Pisin",8947027,462840.0,Oceania,Port Moresby,1975-09-16,"['Kokoda Track', 'Rabaul', 'Mount Hagen']",Dugong,Bird-of-paradise,Constitutional Monarchy,"['Mumu', 'Kokoda', 'Pasta Salad']",Christianity,James Marape,left,Rugby,Independence Day
Paraguay,Asunción,PYG,"Guaraní, Spanish",7132530,406752.0,South America,Asunción,1811-05-14,"['Itaipú Dam', 'Asunción', 'Encarnación']",,,Republic,"['Sopa', 'Asado', 'Chipa']",Christianity,Mario Abdo Benítez,right,Football,Independence Day
Peru,Lima,PEN,"Aymara, Quechua, Spanish",32971846,1285216.0,South America,Lima,1821-07-28,"['Machu Picchu', 'Lake Titicaca', 'Nazca Lines']",Vicuña,Andean Cock-of-the-rock,Republic,"['Ceviche', 'Lomo Saltado', 'Aji de Gallina']",Christianity,Dina Boluarte,right,Football,Inti Raymi
Philippines,Manila,PHP,"English, Filipino",109581085,342353.0,Asia,Manila,1898-06-12,"['Chocolate Hills', 'Puerto Princesa Underground River', 'Rice Terraces']",Carabao (Water Buffalo),Philippine Eagle,Republic,"['Adobo', 'Sinigang', 'Lechon']",Christianity,Ferdinand Marcos Jr.,right,Basketball,Eid al-Fitr
Pitcairn Islands,Adamstown,NZD,English,56,47.0,Oceania,Adamstown,NaN,,,,,,Christianity,nan,left,Football,nan
Poland,Warsaw,PLN,Polish,37950802,312679.0,Europe,Warsaw,1989-06-04,"['Wawel Castle', 'Auschwitz', 'Malbork Castle']",White-tailed Eagle,White-tailed Eagle,Republic,"['Pierogi', 'Bigos', 'Żurek']",Christianity,Andrzej Duda,right,Football,Constitution Day
Portugal,Lisbon,EUR,Portuguese,10305564,92090.0,Europe,Lisbon,1640-12-01,"['Belem Tower', 'Alcobaça Monastery', 'Sintra']",Iberian Wolf,Barcelos Rooster,Republic,"['Bacalhau', 'Caldo Verde', 'Pastéis de Nata']",Christianity,Marcelo Rebelo de Sousa,right,Football,Carnival
Puerto Rico,San Juan,USD,"English, Spanish",3194034,8870.0,North America,San Juan,NaN,,,,,,Christianity,Pedro Pierluisi,right,Baseball,Fiesta de la Calle San Sebastián
Qatar,Doha,QAR,Arabic,2881060,11586.0,Asia,Doha,1971-09-03,"['Museum of Islamic Art', 'The Pearl-Qatar', 'Doha Corniche']",Arabian Oryx,,Absolute Monarchy,"['Machboos', 'Saloona', 'Harees']",Islam,Tamim bin Hamad Al Thani,right,Football,National Day
Republic of the Congo,Brazzaville,XAF,"French, Kikongo, Lingala",5657000,342000.0,Africa,Brazzaville,1960-08-15,,,,,,Christianity,,right,Football,
Romania,Bucharest,RON,Romanian,19286123,238391.0,Europe,Bucharest,1877-05-09,"['Bran Castle', 'Peleș Castle', 'Transfăgărășan Highway']",Lynx,Great White Pelican,Republic,"['Mămăligă', 'Sarmale', 'Ciorbă de burtă']",Christianity,Klaus Iohannis,right,Football,Great Union Day
Russia,Moscow,RUB,Russian,144104080,17098242.0,Europe,Moscow,1991-12-25,"['Red Square', 'Kremlin', 'Lake Baikal']",Brown Bear,,Federal Republic,"['Borscht', 'Pelmeni', 'Beef Stroganoff']",Christianity,Vladimir Putin,right,Ice Hockey,Victory Day
Rwanda,Kigali,RWF,"English, French, Kinyarwanda",12952209,26338.0,Africa,Kigali,1962-07-01,"['Volcanoes National Park', 'Nyungwe Forest', 'Lake Kivu']",,,Republic,"['Isombe', 'Ibihaza', 'Ubugari']",Christianity,Paul Kagame,right,Football,Kwita Izina
Réunion,Saint-Denis,EUR,French,840974,2511.0,Africa,Saint-Denis,NaN,,,,,,Christianity,nan,right,Football,nan
Saint Barthélemy,Gustavia,EUR,French,4255,21.0,North America,Gustavia,NaN,,,,,,Christianity,nan,right,Football,nan
"Saint Helena, Ascension and Tristan da Cunha",Jamestown,"GBP, SHP",English,53192,394.0,Africa,Jamestown,NaN,,,,,,Christianity,nan,left,Football,nan
Saint Kitts and Nevis,Basseterre,XCD,English,53192,261.0,North America,Basseterre,1983-09-19,"['Brimstone Hill Fortress', 'Nevis Peak', 'Basseterre']",,,Constitutional Monarchy,"['Goat Water', 'Steamed Fish', 'Conch Fritters']",Christianity,Terrence Drew,left,Cricket,National Heroes Day
Saint Lucia,Castries,XCD,English,183629,616.0,North America,Castries,1979-02-22,"['Pitons', 'Sulphur Springs', 'Diamond Falls']",,,Constitutional Monarchy,"['Green Fig and Saltfish', 'Lambi', 'Baked Breadfruit']",Christianity,Philip J. Pierre,left,Cricket,La Rose Festival
Saint Martin,Marigot,EUR,French,38659,53.0,North America,Marigot,NaN,,,,,,Christianity,nan,right,Football,nan
Saint Pierre and Miquelon,Saint-Pierre,EUR,French,6069,242.0,North America,Saint-Pierre,NaN,,,,,,Christianity,nan,right,Football,nan
Saint Vincent and the Grenadines,Kingstown,XCD,English,110947,389.0,North America,Kingstown,1979-10-27,"['Bequia', 'Mustique', 'Saltwhistle Bay']",,,Constitutional Monarchy,"['Breadfruit', 'Saltfish', 'Lobster']",Christianity,Ralph Gonsalves,left,Football,Vincy Mas
Samoa,Apia,WST,"English, Samoan",198410,2842.0,Oceania,Apia,1962-01-01,"['To Sua Ocean Trench', 'Mount Vaea', 'Robert Louis Stevenson Museum']",,,Republic,"['Palusami', 'Sapasui', 'Faiai']",Christianity,Fiame Naomi Mataʻafa,left,Rugby,Independence Day
San Marino,City of San Marino,EUR,Italian,33938,61.0,Europe,City of San Marino,301-09-03,"['Guaita Fortress', 'Basilica di San Marino', 'Palazzo Pubblico']",,,Republic,"['Torta Tre Monti', 'Baccala alla Sanmarinese', 'Passatelli']",Christianity,Alessandro Cardelli,right,Football,National Day
Saudi Arabia,Riyadh,SAR,Arabic,34813867,2149690.0,Asia,Riyadh,1932-09-23,"['Mecca', 'Medina', 'Diriyah']",Arabian Camel,Falcon,Absolute Monarchy,"['Kabsa', 'Mandi', 'Mutabbaq']",Islam,Salman bin Abdulaziz Al Saud,right,Football,Saudi National Day
Senegal,Dakar,XOF,French,16743930,196722.0,Africa,Dakar,1960-04-04,"['Gorée Island', 'Lake Retba', 'African Renaissance Monument']",,African Fish Eagle,Republic,"['Thieboudienne', 'Yassa', 'Couscous']",Islam,Macky Sall,right,Football,Independence Day
Serbia,Belgrade,RSD,Serbian,6908224,88361.0,Europe,Belgrade,2006-06-05,"['Belgrade Fortress', 'Niš Fortress', 'Studenica Monastery']",Wolf,,Republic,"['Ćevapi', 'Sarma', 'Pita']",Christianity,Aleksandar Vučić,right,Football,Statehood Day
Seychelles,Victoria,SCR,"Seychellois Creole, English, French",98462,452.0,Africa,Victoria,1976-06-29,"[""Anse Source d'Argent"", 'Victoria', 'Morne Seychellois National Park']",,,Republic,"['Grilled Fish', 'Bredes', 'Seychellois Curry']",Christianity,Wavel Ramkalawan,left,Football,Independence Day
Sierra Leone,Freetown,SLL,English,7976985,71740.0,Africa,Freetown,1961-04-27,"['Tiwai Island', 'Freetown', 'Kuru Hills']",,,Republic,"['Jollof Rice', 'Fufu', 'Coconut Rice']",Islam,Julius Maada Bio,right,Football,Independence Day
Singapore,Singapore,SGD,"English, Chinese, Malay, Tamil",5685807,710.0,Asia,Singapore,1965-08-09,"['Marina Bay Sands', 'Gardens by the Bay', 'Sentosa']",Lion,Crimson Sunbird,Republic,"['Chilli Crab', 'Hainanese Chicken Rice', 'Laksa']",Buddhism,Halimah Yacob,left,Football,Chinese New Year
Sint Maarten,Philipsburg,ANG,"English, French, Dutch",40812,34.0,North America,Philipsburg,NaN,,,,,,Christianity,William Marlin,right,Football,National Day
Slovakia,Bratislava,EUR,Slovak,5458827,49037.0,Europe,Bratislava,1993-01-01,"['Bratislava Castle', 'High Tatras', 'Spiš Castle']",Tatra Chamois,,Republic,"['Bryndzové Halušky', 'Kapustnica', 'Slovenská Klobása']",Christianity,Zuzana Čaputová,right,Ice Hockey,Slovak National Uprising Day
Slovenia,Ljubljana,EUR,Slovene,2100126,20273.0,Europe,Ljubljana,1991-06-25,"['Lake Bled', 'Postojna Cave', 'Triglav National Park']",,,Republic,"['Idrija Žlikrofi', 'Bogra', 'Jota']",Christianity,Nataša Pirc Musar,right,Skiing,Statehood Day
Solomon Islands,Honiara,SBD,English,686878,28896.0,Oceania,Honiara,1978-07-07,"['Guadalcanal', 'Savo Island', 'Rendova Island']",,,Constitutional Monarchy,"['Pineapple Chicken', 'Taro', 'Fried Fish']",Christianity,Manasseh Sogavare,left,Football,Independence Day
Somalia,Mogadishu,SOS,"Arabic, Somali",15893219,637657.0,Africa,Mogadishu,1960-07-01,"['Laas Geel', 'Mogadishu', 'Lido Beach']",,,Federal Republic,"['Bariis', 'Sambusa', 'Halwa']",Islam,Hassan Sheikh Mohamud,right,Football,Somali Independence Day
South Africa,Pretoria,ZAR,"Afrikaans, English, Southern Ndebele, Northern Sotho, Southern Sotho, Swazi, Tswana, Tsonga, Venda, Xhosa, Zulu",59308690,1221037.0,Africa,Pretoria,1910-05-31,"['Table Mountain', 'Kruger National Park', 'Robben Island']",Springbok,Blue Crane,Republic,"['Biltong', 'Braai', 'Bobotie']",Christianity,Cyril Ramaphosa,left,Rugby,Freedom Day
South Georgia,King Edward Point,SHP,English,30,3903.0,Antarctica,King Edward Point,NaN,,,,,,nan,,right,nan,
South Korea,Seoul,KRW,Korean,51780579,100210.0,Asia,Seoul,1948-08-15,,Siberian Tiger,Magpie,Republic,"['Kimchi', 'Bibimbap', 'Bulgogi']",Christianity,Yoon Suk-yeol,right,Baseball,Seollal
South Sudan,Juba,SSP,English,11193729,619745.0,Africa,Juba,2011-07-09,"['Juba', 'Nimule National Park', 'Boma National Park']",,,Federal Republic,"['Sorghum Porridge', 'Beef Stew', 'Ful Medames']",Christianity,Salva Kiir Mayardit,right,Football,Independence Day
Spain,Madrid,EUR,"Spanish, Catalan, Basque, Galician",47351567,505992.0,Europe,Madrid,1492-10-12,"['Sagrada Familia', 'Alhambra', 'Park Güell']",Bull,,Constitutional Monarchy,"['Paella', 'Tortilla', 'Gazpacho']",Christianity,Pedro Sánchez,right,Football,La Tomatina
Sri Lanka,Sri Jayawardenepura Kotte,LKR,"Sinhala, Tamil",21919000,65610.0,Asia,Sri Jayawardenepura Kotte,1948-02-04,"['Sigiriya', 'Temple of the Tooth', ""Adam's Peak""]",Sri Lankan Elephant,Sri Lankan Junglefowl,Republic,"['Rice and Curry', 'Hoppers', 'Kottu']",Buddhism,Ranil Wickremesinghe,left,VolleyBall,Sinhala and Tamil New Year
Sudan,Khartoum,SDG,"Arabic, English",43849269,1886068.0,Africa,Khartoum,1956-01-01,"['Pyramids of Meroë', 'Nubian Desert', 'Khartoum']",,,,"['Ful Medames', 'Kebabs', 'Mullah']",Islam,Abdel Fattah al-Burhan,right,Football,Revolution Day
Suriname,Paramaribo,SRD,Dutch,586634,163820.0,South America,Paramaribo,1975-11-25,"['Paramaribo', 'Brownsberg Nature Park', 'Jodensavanne']",,,Republic,"['Pom', 'Moksi Alesi', 'Saoto Soup']",Christianity,Chandrikapersad Santokhi,left,Football,Independence Day
Svalbard and Jan Mayen,Longyearbyen,NOK,Norwegian,2562,61399.0,Europe,Longyearbyen,NaN,,,,,,nan,,right,nan,
Sweden,Stockholm,SEK,Swedish,10353442,450295.0,Europe,Stockholm,NaN,"['Vasa Museum', 'Gamla Stan', 'Drottningholm Palace']",Eurasian Elk,Common Blackbird,Constitutional Monarchy,"['Meatballs', 'Gravadlax', 'Surströmming']",Christianity,Ulf Kristersson,right,Ice Hockey,Midsummer
Switzerland,Bern,CHF,"French, Swiss German, Italian, Romansh",8654622,41284.0,Europe,Bern,1291-08-01,"['Matterhorn', 'Lake Geneva', 'Jungfrau']",Cow,,Federal Republic,"['Fondue', 'Rösti', 'Bircher Muesli']",Christianity,Alain Berset,right,Football,Federal Day
Syria,Damascus,SYP,Arabic,17500657,185180.0,Asia,Damascus,1946-04-17,"['Palmyra', 'Umayyad Mosque', 'Aleppo Citadel']",,,,"['Kibbeh', 'Hummus', 'Falafel']",Islam,Bashar al-Assad,right,Football,Independence Day
São Tomé and Príncipe,São Tomé,STN,Portuguese,219161,964.0,Africa,São Tomé,1975-07-12,,,,,,Christianity,Evaristo Carvalho,right,Football,Independence Day
Taiwan,Taipei,TWD,Chinese,23503349,36193.0,Asia,Taipei,1949-10-01,"['Taipei 101', 'Taroko Gorge', 'National Palace Museum']",Formosan Black Bear,Formosan Blue Magpie,Republic,"['Beef Noodle Soup', 'Xiao Long Bao', 'Oyster Omelette']",Buddhism,,right,Baseball,
Tajikistan,Dushanbe,TJS,"Russian, Tajik",9537642,143100.0,Asia,Dushanbe,1991-09-09,"['Pamir Mountains', 'Iskanderkul', 'Dushanbe']",,,Republic,"['Plov', 'Sambusa', 'Lagman']",Islam,Emomali Rahmon,right,Football,Navruz
Tanzania,Dodoma,TZS,"English, Swahili",59734213,945087.0,Africa,Dodoma,1961-12-09,"['Mount Kilimanjaro', 'Serengeti National Park', 'Ngorongoro Crater']",,,Republic,"['Nyama Choma', 'Ugali', 'Zanzibar Pizza']",Christianity,Samia Suluhu Hassan,left,Football,Saba Saba
Thailand,Bangkok,THB,Thai,69799978,513120.0,Asia,Bangkok,1238-01-01,"['Grand Palace', 'Ayutthaya', 'Phi Phi Islands']",Elephant,Siamese Fireback,Constitutional Monarchy,"['Pad Thai', 'Tom Yum', 'Green Curry']",Buddhism,Prayut Chan-o-cha,left,Muay Thai,Songkran
Timor-Leste,Dili,USD,"Portuguese, Tetum",1318442,14874.0,Oceania,Dili,2002-05-20,"['Tasi Tolu', 'Mount Ramelau', 'Dili']",,,Republic,"['Batar Da’an', 'Ikan Sabuko', 'Galinha Sopa']",Roman Catholic,José Ramos-Horta,left,Football,Independence Day
Togo,Lomé,XOF,French,8278737,56785.0,Africa,Lomé,1960-04-27,"['Koutammakou', 'Lake Togo', 'Fazao-Malfakassa National Park']",,,Republic,"['Aklui', 'Fufu', 'Tô']",Christianity,Faure Gnassingbé,right,Football,National Day
Tokelau,Fakaofo,NZD,"English, Samoan, Tokelauan",1411,12.0,Oceania,Fakaofo,NaN,,,,,,Christianity,nan,left,Football,nan
Tonga,Nuku'alofa,TOP,"English, Tongan",105697,747.0,Oceania,Nuku'alofa,1970-06-04,"['Ha’amonga a Maui', 'Mount Talau', 'Tongatapu']",,,Constitutional Monarchy,"['Ota Ika', 'Lu Sipi', 'Faikakai']",Christianity,Pōhiva Tuʻiʻonetoa,left,Rugby,National Day
Trinidad and Tobago,Port of Spain,TTD,English,1399491,5130.0,North America,Port of Spain,1962-08-31,"['Pitch Lake', 'Nylon Pool', 'Fort King George']",,Scarlet Ibis,Republic,"['Pelau', 'Doubles', 'Bake and Shark']",Christianity,Paula-Mae Weekes,left,Cricket,Carnival
Tunisia,Tunis,TND,Arabic,11818618,163610.0,Africa,Tunis,1956-03-20,"['Amphitheatre of El Djem', 'Medina of Tunis', 'Carthage']",,,Republic,"['Couscous', 'Brik', 'Mechouia']",Islam,Kais Saied,right,Football,Independence Day
Turkey,Ankara,TRY,Turkish,84339067,783562.0,Europe,Ankara,1923-10-29,"['Hagia Sophia', 'Blue Mosque', 'Cappadocia']",Gray Wolf,,Republic,"['Kebabs', 'Baklava', 'Meze']",Islam,Recep Tayyip Erdoğan,right,Football,Republic Day
Turkmenistan,Ashgabat,TMT,"Russian, Turkmen",6031187,488100.0,Asia,Ashgabat,1991-10-27,"['Derweze', 'Merv', 'Kunya-Urgench']",Akhal-Teke Horse,,Republic,"['Kebabs', 'Pilaf', 'Shashlik']",Islam,Gurbanguly Berdimuhamedow,right,Football,Independence Day
Turks and Caicos Islands,Cockburn Town,USD,English,38718,948.0,North America,Cockburn Town,NaN,,,,,,,,left,,
Tuvalu,Funafuti,"AUD, TVD","English, Tuvaluan",11792,26.0,Oceania,Funafuti,1978-10-01,"['Funafuti', 'Nanumea', 'Vaitupu']",,,Constitutional Monarchy,"['Fish', 'Taro', 'Coconut Crab']",Christianity,Kausea Natano,left,Football,nan
Uganda,Kampala,UGX,"English, Swahili",45741000,241550.0,Africa,Kampala,1962-10-09,"['Murchison Falls', 'Bwindi Impenetrable National Park', 'Lake Victoria']",Grey Crowned Crane,Grey Crowned Crane,Republic,"['Matoke', 'Posho', 'Rolex']",Christianity,Yoweri Kaguta Museveni,left,Football,Independence Day
Ukraine,Kyiv,UAH,Ukrainian,44134693,603500.0,Europe,Kyiv,1991-08-24,"['Kiev Pechersk Lavra', 'Chernobyl', 'Odessa Beach']",Nightingale,,Republic,"['Borscht', 'Vareniki', 'Holubtsi']",Christianity,Volodymyr Zelenskyy,right,Football,Independence Day
United Arab Emirates,Abu Dhabi,AED,Arabic,9890400,83600.0,Asia,Abu Dhabi,1971-12-02,"['Burj Khalifa', 'Palm Jumeirah', 'Sheikh Zayed Mosque']",Arabian Oryx,,Federal Monarchy,"['Al Harees', 'Machboos', 'Shawarma']",Islam,Mohammed bin Zayed Al Nahyan,right,Football,National Day
United Kingdom,London,GBP,English,67215293,242900.0,Europe,London,NaN,"['Big Ben', 'Stonehenge', 'Edinburgh Castle']",Lion,European Robin,Constitutional Monarchy,"['Fish and Chips', 'Full English Breakfast', 'Roast Beef']",Christianity,Rishi Sunak,left,Football,Christmas
United States,"Washington, D.C.",USD,English,329484123,9372610.0,North America,"Washington, D.C.",1776-07-04,"['Statue of Liberty', 'Grand Canyon', 'White House']",Bald Eagle,Bald Eagle,Federal Republic,"['Burger', 'Hot Dog', 'Apple Pie']",Christianity,Joe Biden,right,American Football,Independence Day
United States Minor Outlying Islands,Washington DC,USD,English,300,34.2,Oceania,Washington DC,NaN,,,,,,,,right,nan,
United States Virgin Islands,Charlotte Amalie,USD,English,106290,347.0,North America,Charlotte Amalie,NaN,,,,,,,,right,nan,
Uruguay,Montevideo,UYU,Spanish,3473727,181034.0,South America,Montevideo,1825-08-25,"['Playa Brava', 'Punta del Este', 'Colonia del Sacramento']",Southern Lapwing,,Republic,"['Asado', 'Chivito', 'Milanesa']",Christianity,Luis Lacalle Pou,right,Football,Carnival
Uzbekistan,Tashkent,UZS,"Russian, Uzbek",34232050,447400.0,Asia,Tashkent,1991-09-01,"['Registan Square', 'Bukhara', 'Samarkand']",,,Republic,"['Plov', 'Shashlik', 'Samsa']",Islam,Shavkat Mirziyoyev,right,Football,Navruz
Vanuatu,Port Vila,VUV,"Bislama, English, French",307150,12189.0,Oceania,Port Vila,1980-07-30,"['Mount Yasur', 'Port Vila', 'Epi Island']",,,Republic,"['Laplap', 'Kokoda', 'Taro']",Christianity,Nikenike Vurobaravu,right,Football,Independence Day
Vatican City,Vatican City,EUR,"Italian, Latin",451,0.44,Europe,Vatican City,1929-02-11,"[""St. Peter's Basilica"", 'Sistine Chapel', 'Vatican Museums']",,,Elective Monarchy,"['Frittata', 'Pasta al Forno', 'Bruschetta']",Christianity,nan,right,nan,nan
Venezuela,Caracas,VES,Spanish,28435943,916445.0,South America,Caracas,1811-07-05,"['Angel Falls', 'Los Roques', 'Canaima National Park']",Turpial,Troupial,Republic,"['Arepas', 'Pabellón Criollo', 'Cachapas']",Christianity,Nicolás Maduro,right,Baseball,Carnival
Vietnam,Hanoi,VND,Vietnamese,97338583,331212.0,Asia,Hanoi,1945-09-02,"['Halong Bay', 'Hoan Kiem Lake', 'My Son Sanctuary']",,Red Junglefowl,One-Party State,"['Pho', 'Bánh Mì', 'Gỏi Cuốn']",Buddhism,Nguyễn Phú Trọng,right,Football,Tet Nguyen Dan
Wallis and Futuna,Mata-Utu,XPF,French,11750,142.0,Oceania,Mata-Utu,NaN,,,,,,,nan,right,nan,nan
Western Sahara,El Aaiún,"DZD, MAD, MRU","Berber, Hassaniya, Spanish",510713,266000.0,Africa,El Aaiún,1976-02-28,,,,,,,nan,right,nan,nan
Yemen,Sana'a,YER,Arabic,29825968,527968.0,Asia,Sana'a,1990-05-22,"['Al Hudaydah', 'Sana’a', 'Shibam']",,,Republic,"['Mandi', 'Saltah', 'Fahsa']",Islam,Abdrabbuh Mansur Hadi,right,Football,Eid al-Fitr
Zambia,Lusaka,ZMW,English,18383956,752612.0,Africa,Lusaka,1964-10-24,"['Victoria Falls', 'South Luangwa National Park', 'Lake Tanganyika']",,,Republic,"['Nshima', 'Chikanda', 'Ifisashi']",Christianity,Hakainde Hichilema,left,Football,Independence Day
Zimbabwe,Harare,ZWL,"Chibarwe, English, Kalanga, Khoisan, Ndau, Northern Ndebele, Chewa, Shona, Sotho, Tonga, Tswana, Tsonga, Venda, Xhosa, Zimbabwean Sign Language",14862927,390757.0,Africa,Harare,1980-04-18,"['Victoria Falls', 'Great Zimbabwe Ruins', 'Hwange National Park']",,,Republic,"['Sadza', 'Biltong', 'Nyama']",Christianity,Emmerson Mnangagwa,left,Football,Independence Day
Åland Islands,Mariehamn,EUR,Swedish,29458,1580.0,Europe,Mariehamn,NaN,,,,,,,,right,,
